<keymap version="1" name="Windows copy" parent="$default">
  <action id="Back">
    <keyboard-shortcut first-keystroke="ctrl alt left" />
    <keyboard-shortcut first-keystroke="ctrl o" />
  </action>
  <action id="ChangesView.ToggleCommitUi" />
  <action id="CheckinProject" />
  <action id="EditorLineStart" />
  <action id="EditorLineStartWithSelection" />
  <action id="EditorSelectWord" />
  <action id="FindNext">
    <keyboard-shortcut first-keystroke="f3" />
  </action>
  <action id="FindUsages">
    <keyboard-shortcut first-keystroke="alt f7" />
    <keyboard-shortcut first-keystroke="ctrl r" />
  </action>
  <action id="Forward">
    <keyboard-shortcut first-keystroke="ctrl alt right" />
  </action>
  <action id="Git.Commit.Stage" />
  <action id="InsertLiveTemplate" />
  <action id="JumpToLastChange">
    <keyboard-shortcut first-keystroke="alt b" />
    <mouse-shortcut keystroke="button5" />
    <keyboard-shortcut first-keystroke="ctrl j" />
  </action>
  <action id="JumpToNextChange">
    <mouse-shortcut keystroke="button4" />
    <keyboard-shortcut first-keystroke="ctrl k" />
  </action>
  <action id="NavBar-selectHome" />
  <action id="NextSplitter">
    <keyboard-shortcut first-keystroke="ctrl h" />
  </action>
  <action id="PrevSplitter">
    <keyboard-shortcut first-keystroke="ctrl l" />
  </action>
  <action id="RecentLocations">
    <keyboard-shortcut first-keystroke="shift ctrl e" />
    <keyboard-shortcut first-keystroke="ctrl w" />
  </action>
  <action id="Replace" />
  <action id="SearchEverywhere">
    <keyboard-shortcut first-keystroke="shift ctrl f" />
  </action>
  <action id="SmartSelect" />
  <action id="TableResult.GrowSelection" />
  <action id="TableResult.SelectColumn" />
  <action id="Terminal.ClearBuffer" />
  <action id="Terminal.DeletePreviousWord" />
  <action id="ToggleZenMode">
    <keyboard-shortcut first-keystroke="alt z" />
  </action>
  <action id="TypeHierarchy" />
  <action id="TypeHierarchyBase.BaseOnThisType" />
  <action id="UsageFiltering.WriteAccess" />
  <action id="Vcs.Log.FocusTextFilter" />
</keymap>