<toolSet name="External Tools">
  <tool name="2.24.3 Run" description="Run 2.24.3 tomcat" showInMainMenu="false" showInEditor="false" showInProject="false" showInSearchPopup="false" disabled="false" useConsole="true" showConsoleOnStdOut="false" showConsoleOnStdErr="false" synchronizeAfterRun="true">
    <exec>
      <option name="COMMAND" value="C:\Users\K160722\Documents\repos\cgsweb-distribution-2.24.3\startup.bat" />
      <option name="PARAMETERS" />
      <option name="WORKING_DIRECTORY" value="C:/Users/K160722/Documents/repos/cgsweb-distribution-2.24.3" />
    </exec>
  </tool>
  <tool name="Start CgsWeb Postgres" showInMainMenu="false" showInEditor="false" showInProject="false" showInSearchPopup="false" disabled="false" useConsole="true" showConsoleOnStdOut="false" showConsoleOnStdErr="false" synchronizeAfterRun="true">
    <exec>
      <option name="COMMAND" value="C:\Users\K160722\Documents\repos\cgsweb-distribution-latest\pgsql\bin\pg_ctl.exe" />
      <option name="PARAMETERS" value="-D ../data -w start" />
      <option name="WORKING_DIRECTORY" value="C:/Users/K160722/Documents/repos/cgsweb-distribution-latest/pgsql/bin" />
    </exec>
  </tool>
  <tool name="setCgsWebEnvVarsEtc" description="This is all the stuff the first two start scripts normally do" showInMainMenu="false" showInEditor="false" showInProject="false" showInSearchPopup="false" disabled="false" useConsole="true" showConsoleOnStdOut="false" showConsoleOnStdErr="false" synchronizeAfterRun="true">
    <exec>
      <option name="COMMAND" value="C:\Users\K160722\Documents\dev-env\runCgsWebEnv.bat" />
      <option name="PARAMETERS" />
      <option name="WORKING_DIRECTORY" value="C:/Users/K160722/Documents/repos/cgsweb-distribution-latest" />
    </exec>
  </tool>
  <tool name="Shutdown Tomcat" showInMainMenu="false" showInEditor="false" showInProject="false" showInSearchPopup="false" disabled="false" useConsole="true" showConsoleOnStdOut="false" showConsoleOnStdErr="false" synchronizeAfterRun="true">
    <exec>
      <option name="COMMAND" value="C:\Users\K160722\Documents\repos\cgsweb-distribution-latest\shutdown.bat" />
      <option name="PARAMETERS" />
      <option name="WORKING_DIRECTORY" value="C:/Users/K160722/Documents/repos/cgsweb-distribution-latest" />
    </exec>
  </tool>
</toolSet>