<application>
  <component name="GeneralSettings">
    <option name="confirmOpenNewProject2" value="-1" />
  </component>
  <component name="Registry">
    <entry key="moved.to.new.ui" value="true" />
    <entry key="ide.experimental.ui" value="true" />
    <entry key="i18n.locale" value="" />
    <entry key="terminal.new.ui" value="true" />
    <entry key="jvm.dfa.analysis.ui.security.analysis.window.was.shown" value="true" />
    <entry key="vcs.log.index.enable" value="true" />
    <entry key="ide.balloon.shadow.size" value="0" />
    <entry key="ide.editor.tab.selection.animation" value="true" />
    <entry key="ide.new.editor.tabs.vertical.borders" value="true" />
    <entry key="ide.animate.toolwindows" value="true" />
  </component>
  <component name="StatusBar">
    <option name="widgets">
      <map>
        <entry key="git" value="true" />
      </map>
    </option>
  </component>
</application>