<application>
  <component name="MaterialThemeNewConfig">
    <option name="accentState">
      <MTAccentConfigState>
        <option name="accentColorHex" value="ffd866" />
      </MTAccentConfigState>
    </option>
    <option name="metadata">
      <MTMetadataState>
        <option name="pristineConfig" value="false" />
        <option name="userId" value="-6ff76dd1:1921f52aaf9:-8000" />
        <option name="version" value="9.7.0" />
      </MTMetadataState>
    </option>
    <option name="tabsState">
      <MTTabsConfigState>
        <option name="tabsHeight" value="24" />
      </MTTabsConfigState>
    </option>
    <option name="themeState">
      <MTThemeConfigState>
        <option name="selectedThemeName" value="MONOKAI" />
      </MTThemeConfigState>
    </option>
  </component>
</application>