<application>
  <component name="BlockTerminalOptions">
    <option name="promptStyle" value="SHELL" />
  </component>
  <component name="BlockTerminalUsage">
    <option name="blockTerminalUsedLastVersion" value="242.23339.11" />
    <shellToExecutedCommandsNumber>
      <entry key="powershell" value="11" />
    </shellToExecutedCommandsNumber>
  </component>
  <component name="TerminalOptionsProvider">
    <option name="myCopyOnSelection" value="true" />
    <option name="myShellPath" value="C:\Program Files\nu\bin\nu.exe" />
  </component>
</application>