<application>
  <component name="Trusted.Paths">
    <option name="TRUSTED_PROJECT_PATHS">
      <map>
        <entry key="C:\Users\K160722\Documents\cgsweb-distribution-20240625" value="true" />
        <entry key="C:\Users\K160722\Documents\repos\AllCgsWebProject" value="true" />
        <entry key="C:\Users\K160722\Documents\repos\Notes" value="true" />
        <entry key="C:\Users\K160722\Documents\repos\cgsweb" value="true" />
        <entry key="C:\Users\K160722\Documents\repos\cgsweb-database" value="true" />
        <entry key="C:\Users\K160722\Documents\repos\cgsweb-database\webservice" value="true" />
        <entry key="C:\Users\K160722\Documents\repos\cgsweb-distribution-2.24.3\apache-tomcat\logs" value="true" />
        <entry key="C:\Users\K160722\Documents\repos\cgsweb-distribution-latest" value="true" />
        <entry key="C:\Users\K160722\Documents\repos\cgsweb-distribution-latest\apache-tomcat\logs" value="true" />
        <entry key="C:\Users\K160722\Documents\repos\cgsweb-distribution-latest\apache-tomcat\webapps\PointCloudRest\WEB-INF\PointCloudRemote\logs" value="true" />
        <entry key="C:\Users\K160722\Documents\repos\cgsweb\nexus-deploy" value="true" />
        <entry key="C:\Users\K160722\Documents\repos\common-services" value="true" />
        <entry key="C:\Users\K160722\Documents\repos\common-ts" value="true" />
        <entry key="C:\Users\K160722\Documents\repos\common-ts-worktree-two" value="true" />
        <entry key="C:\Users\K160722\Documents\repos\map" value="true" />
        <entry key="C:\Users\K160722\Documents\repos\map-worktree-two" value="true" />
        <entry key="C:\Users\K160722\Documents\repos\map\nexus-deploy" value="true" />
        <entry key="C:\Users\K160722\Documents\repos\pointcloud" value="true" />
        <entry key="C:\Users\K160722\Documents\repos\pointcloud-rest" value="true" />
        <entry key="C:\Users\K160722\Documents\repos\pointcloud\pointcloud-jni" value="true" />
        <entry key="C:\Users\K160722\Documents\repos\pointcloud\pointcloud-jni-native" value="true" />
        <entry key="C:\Users\K160722\Documents\repos\timespy" value="true" />
      </map>
    </option>
  </component>
  <component name="Trusted.Paths.Settings">
    <option name="TRUSTED_PATHS">
      <list>
        <option value="C:\Users\K160722\Documents\repos" />
        <option value="C:\Users\K160722\Documents" />
      </list>
    </option>
  </component>
</application>