<application>
  <component name="UISettings">
    <option name="compactTreeIndents" value="true" />
    <option name="EDITOR_TAB_PLACEMENT" value="0" />
    <option name="HIDE_TOOL_STRIPES" value="true" />
    <option name="MARK_MODIFIED_TABS_WITH_ASTERISK" value="true" />
    <option name="NAVIGATION_BAR_LOCATION" value="TOP" />
    <option name="SCROLL_TAB_LAYOUT_IN_EDITOR" value="false" />
    <option name="SHOW_PREVIEW_IN_SEARCH_EVERYWHERE" value="true" />
    <option name="SHOW_TOOL_WINDOW_NAMES" value="true" />
    <option name="TOOL_WINDOW_LEFT_SIDE_CUSTOM_WIDTH" value="50" />
    <option name="TOOL_WINDOW_RIGHT_SIDE_CUSTOM_WIDTH" value="66" />
  </component>
</application>