<application>
  <component name="UmlConfiguration">
    <option name="defaultLayout" value="COMPACT_ORTHOGONAL" />
    <option name="layout" value="COMPACT_ORTHOGONAL" />
    <option name="fitContentAfterLayout" value="false" />
    <option name="relayoutOnNewElements" value="false" />
    <option name="myDoShowGridByDefault" value="false" />
    <option name="categories">
      <map>
        <entry id="JAVA" categories="Fields;Constructors;Methods;Properties;Inner Classes;Show Usages In Code" />
      </map>
    </option>
  </component>
</application>