<application>
  <component name="DimensionService">
    <location key="find.popup.0.0.1920.1080" x="469" y="24" />
    <location key="find.popup.0.0.1920.1080@120dpi" x="669" y="0" />
    <location key="find.popup.0.0.3440.1440@120dpi" x="1330" y="39" />
    <size key="find.popup.0.0.1920.1080" width="946" height="1008" />
    <size key="GridCell.Tab.0.left.0.0.1920.1080" width="1920" height="947" />
    <size key="GridCell.Tab.0.center.0.0.1920.1080" width="1920" height="947" />
    <size key="GridCell.Tab.0.right.0.0.1920.1080" width="1920" height="947" />
    <size key="GridCell.Tab.0.bottom.0.0.1920.1080" width="1920" height="947" />
    <size key="GridCell.Tab.1.left.0.0.1920.1080" width="1920" height="947" />
    <size key="GridCell.Tab.1.center.0.0.1920.1080" width="1920" height="947" />
    <size key="GridCell.Tab.1.right.0.0.1920.1080" width="1920" height="947" />
    <size key="GridCell.Tab.1.bottom.0.0.1920.1080" width="1920" height="947" />
    <size key="GridCell.Tab.2.left.0.0.1920.1080" width="1920" height="947" />
    <size key="GridCell.Tab.2.center.0.0.1920.1080" width="1920" height="947" />
    <size key="GridCell.Tab.2.right.0.0.1920.1080" width="1920" height="947" />
    <size key="GridCell.Tab.2.bottom.0.0.1920.1080" width="1920" height="947" />
    <size key="GridCell.Tab.0.left.-1920.0.1920.1080" width="1920" height="947" />
    <size key="GridCell.Tab.0.center.-1920.0.1920.1080" width="1920" height="947" />
    <size key="GridCell.Tab.0.right.-1920.0.1920.1080" width="1920" height="947" />
    <size key="GridCell.Tab.0.bottom.-1920.0.1920.1080" width="1920" height="947" />
    <size key="GridCell.Tab.1.left.-1920.0.1920.1080" width="1920" height="947" />
    <size key="GridCell.Tab.1.center.-1920.0.1920.1080" width="1920" height="947" />
    <size key="GridCell.Tab.1.right.-1920.0.1920.1080" width="1920" height="947" />
    <size key="GridCell.Tab.1.bottom.-1920.0.1920.1080" width="1920" height="947" />
    <size key="GridCell.Tab.2.left.-1920.0.1920.1080" width="1920" height="947" />
    <size key="GridCell.Tab.2.center.-1920.0.1920.1080" width="1920" height="947" />
    <size key="GridCell.Tab.2.right.-1920.0.1920.1080" width="1920" height="947" />
    <size key="GridCell.Tab.2.bottom.-1920.0.1920.1080" width="1920" height="947" />
    <size key="GridCell.Tab.0.left.-1920.0.1920.1080@120dpi" width="1914" height="982" />
    <size key="GridCell.Tab.0.center.-1920.0.1920.1080@120dpi" width="1914" height="982" />
    <size key="GridCell.Tab.0.right.-1920.0.1920.1080@120dpi" width="1914" height="982" />
    <size key="GridCell.Tab.0.bottom.-1920.0.1920.1080@120dpi" width="1914" height="982" />
    <size key="GridCell.Tab.1.left.-1920.0.1920.1080@120dpi" width="1914" height="982" />
    <size key="GridCell.Tab.1.center.-1920.0.1920.1080@120dpi" width="1914" height="982" />
    <size key="GridCell.Tab.1.right.-1920.0.1920.1080@120dpi" width="1914" height="982" />
    <size key="GridCell.Tab.1.bottom.-1920.0.1920.1080@120dpi" width="1914" height="982" />
    <size key="GridCell.Tab.2.left.-1920.0.1920.1080@120dpi" width="1914" height="982" />
    <size key="GridCell.Tab.2.center.-1920.0.1920.1080@120dpi" width="1914" height="982" />
    <size key="GridCell.Tab.2.right.-1920.0.1920.1080@120dpi" width="1914" height="982" />
    <size key="GridCell.Tab.2.bottom.-1920.0.1920.1080@120dpi" width="1914" height="982" />
    <size key="GridCell.Tab.0.left.0.0.1920.1080@120dpi" width="450" height="971" />
    <size key="GridCell.Tab.0.center.0.0.1920.1080@120dpi" width="450" height="971" />
    <size key="GridCell.Tab.0.right.0.0.1920.1080@120dpi" width="450" height="971" />
    <size key="GridCell.Tab.0.bottom.0.0.1920.1080@120dpi" width="450" height="971" />
    <size key="GridCell.Tab.1.left.0.0.1920.1080@120dpi" width="1265" height="975" />
    <size key="GridCell.Tab.1.center.0.0.1920.1080@120dpi" width="1265" height="975" />
    <size key="GridCell.Tab.1.right.0.0.1920.1080@120dpi" width="1265" height="975" />
    <size key="GridCell.Tab.1.bottom.0.0.1920.1080@120dpi" width="1265" height="975" />
    <size key="GridCell.Tab.2.left.0.0.1920.1080@120dpi" width="1265" height="975" />
    <size key="GridCell.Tab.2.center.0.0.1920.1080@120dpi" width="1265" height="975" />
    <size key="GridCell.Tab.2.right.0.0.1920.1080@120dpi" width="1265" height="975" />
    <size key="GridCell.Tab.2.bottom.0.0.1920.1080@120dpi" width="1265" height="975" />
    <size key="GridCell.Tab.0.left.1920.0.1920.1080@120dpi" width="1920" height="947" />
    <size key="GridCell.Tab.0.center.1920.0.1920.1080@120dpi" width="1920" height="947" />
    <size key="GridCell.Tab.0.right.1920.0.1920.1080@120dpi" width="1920" height="947" />
    <size key="GridCell.Tab.0.bottom.1920.0.1920.1080@120dpi" width="1920" height="947" />
    <size key="GridCell.Tab.0.left.0.0.1920.1200@150dpi" width="563" height="1214" />
    <size key="GridCell.Tab.0.center.0.0.1920.1200@150dpi" width="563" height="1214" />
    <size key="GridCell.Tab.0.right.0.0.1920.1200@150dpi" width="563" height="1214" />
    <size key="GridCell.Tab.0.bottom.0.0.1920.1200@150dpi" width="563" height="1214" />
    <size key="GridCell.Tab.1.left.0.0.1920.1200@150dpi" width="1582" height="1219" />
    <size key="GridCell.Tab.1.center.0.0.1920.1200@150dpi" width="1582" height="1219" />
    <size key="GridCell.Tab.1.right.0.0.1920.1200@150dpi" width="1582" height="1219" />
    <size key="GridCell.Tab.1.bottom.0.0.1920.1200@150dpi" width="1582" height="1219" />
    <size key="GridCell.Tab.2.left.0.0.1920.1200@150dpi" width="1582" height="1219" />
    <size key="GridCell.Tab.2.center.0.0.1920.1200@150dpi" width="1582" height="1219" />
    <size key="GridCell.Tab.2.right.0.0.1920.1200@150dpi" width="1582" height="1219" />
    <size key="GridCell.Tab.2.bottom.0.0.1920.1200@150dpi" width="1582" height="1219" />
    <size key="GridCell.Tab.3.left.0.0.1920.1080@120dpi" width="1637" height="947" />
    <size key="GridCell.Tab.3.center.0.0.1920.1080@120dpi" width="1637" height="947" />
    <size key="GridCell.Tab.3.right.0.0.1920.1080@120dpi" width="1637" height="947" />
    <size key="GridCell.Tab.3.bottom.0.0.1920.1080@120dpi" width="1637" height="947" />
    <size key="GridCell.Tab.4.left.0.0.1920.1080@120dpi" width="1637" height="947" />
    <size key="GridCell.Tab.4.center.0.0.1920.1080@120dpi" width="1637" height="947" />
    <size key="GridCell.Tab.4.right.0.0.1920.1080@120dpi" width="1637" height="947" />
    <size key="GridCell.Tab.4.bottom.0.0.1920.1080@120dpi" width="1637" height="947" />
    <size key="GridCell.Tab.5.left.0.0.1920.1080@120dpi" width="1637" height="947" />
    <size key="GridCell.Tab.5.center.0.0.1920.1080@120dpi" width="1637" height="947" />
    <size key="GridCell.Tab.5.right.0.0.1920.1080@120dpi" width="1637" height="947" />
    <size key="GridCell.Tab.5.bottom.0.0.1920.1080@120dpi" width="1637" height="947" />
    <size key="GridCell.Tab.3.left.-1920.0.1920.1080@120dpi" width="1637" height="947" />
    <size key="GridCell.Tab.3.center.-1920.0.1920.1080@120dpi" width="1637" height="947" />
    <size key="GridCell.Tab.3.right.-1920.0.1920.1080@120dpi" width="1637" height="947" />
    <size key="GridCell.Tab.3.bottom.-1920.0.1920.1080@120dpi" width="1637" height="947" />
    <size key="GridCell.Tab.4.left.-1920.0.1920.1080@120dpi" width="1637" height="947" />
    <size key="GridCell.Tab.4.center.-1920.0.1920.1080@120dpi" width="1637" height="947" />
    <size key="GridCell.Tab.4.right.-1920.0.1920.1080@120dpi" width="1637" height="947" />
    <size key="GridCell.Tab.4.bottom.-1920.0.1920.1080@120dpi" width="1637" height="947" />
    <size key="GridCell.Tab.5.left.-1920.0.1920.1080@120dpi" width="1637" height="947" />
    <size key="GridCell.Tab.5.center.-1920.0.1920.1080@120dpi" width="1637" height="947" />
    <size key="GridCell.Tab.5.right.-1920.0.1920.1080@120dpi" width="1637" height="947" />
    <size key="GridCell.Tab.5.bottom.-1920.0.1920.1080@120dpi" width="1637" height="947" />
    <size key="GridCell.Tab.1.left.1920.0.1920.1080@120dpi" width="1920" height="947" />
    <size key="GridCell.Tab.1.center.1920.0.1920.1080@120dpi" width="1920" height="947" />
    <size key="GridCell.Tab.1.right.1920.0.1920.1080@120dpi" width="1920" height="947" />
    <size key="GridCell.Tab.1.bottom.1920.0.1920.1080@120dpi" width="1920" height="947" />
    <size key="GridCell.Tab.2.left.1920.0.1920.1080@120dpi" width="1920" height="947" />
    <size key="GridCell.Tab.2.center.1920.0.1920.1080@120dpi" width="1920" height="947" />
    <size key="GridCell.Tab.2.right.1920.0.1920.1080@120dpi" width="1920" height="947" />
    <size key="GridCell.Tab.2.bottom.1920.0.1920.1080@120dpi" width="1920" height="947" />
    <size key="find.popup.0.0.1920.1080@120dpi" width="983" height="1032" />
    <size key="GridCell.Tab.0.left.0.0.3440.1440@120dpi" width="1289" height="1230" />
    <size key="GridCell.Tab.0.center.0.0.3440.1440@120dpi" width="1289" height="1230" />
    <size key="GridCell.Tab.0.right.0.0.3440.1440@120dpi" width="1289" height="1230" />
    <size key="GridCell.Tab.0.bottom.0.0.3440.1440@120dpi" width="1289" height="1230" />
    <size key="GridCell.Tab.1.left.0.0.3440.1440@120dpi" width="1288" height="592" />
    <size key="GridCell.Tab.1.center.0.0.3440.1440@120dpi" width="1288" height="592" />
    <size key="GridCell.Tab.1.right.0.0.3440.1440@120dpi" width="1288" height="592" />
    <size key="GridCell.Tab.1.bottom.0.0.3440.1440@120dpi" width="1288" height="592" />
    <size key="GridCell.Tab.2.left.0.0.3440.1440@120dpi" width="1288" height="592" />
    <size key="GridCell.Tab.2.center.0.0.3440.1440@120dpi" width="1288" height="592" />
    <size key="GridCell.Tab.2.right.0.0.3440.1440@120dpi" width="1288" height="592" />
    <size key="GridCell.Tab.2.bottom.0.0.3440.1440@120dpi" width="1288" height="592" />
    <size key="find.popup.0.0.3440.1440@120dpi" width="931" height="1353" />
    <size key="GridCell.Tab.0.left.0.0.1440.2560@120dpi" width="1434" height="982" />
    <size key="GridCell.Tab.0.center.0.0.1440.2560@120dpi" width="1434" height="982" />
    <size key="GridCell.Tab.0.right.0.0.1440.2560@120dpi" width="1434" height="982" />
    <size key="GridCell.Tab.0.bottom.0.0.1440.2560@120dpi" width="1434" height="982" />
    <size key="GridCell.Tab.1.left.0.0.1440.2560@120dpi" width="688" height="740" />
    <size key="GridCell.Tab.1.center.0.0.1440.2560@120dpi" width="688" height="740" />
    <size key="GridCell.Tab.1.right.0.0.1440.2560@120dpi" width="688" height="740" />
    <size key="GridCell.Tab.1.bottom.0.0.1440.2560@120dpi" width="688" height="740" />
    <size key="GridCell.Tab.2.left.0.0.1440.2560@120dpi" width="1434" height="982" />
    <size key="GridCell.Tab.2.center.0.0.1440.2560@120dpi" width="1434" height="982" />
    <size key="GridCell.Tab.2.right.0.0.1440.2560@120dpi" width="1434" height="982" />
    <size key="GridCell.Tab.2.bottom.0.0.1440.2560@120dpi" width="1434" height="982" />
  </component>
  <component name="WindowManager">
    <frame x="-8" y="-8" width="1936" height="1048" extendedState="6" />
  </component>
  <component name="WindowStateApplicationService">
    <state width="939" height="1059" key="ShowUsagesActions.dimensionServiceKey.ideScale=125" timestamp="1740168808258">
      <screen x="0" y="0" width="3440" height="1392" />
    </state>
    <state width="793" height="1059" key="ShowUsagesActions.dimensionServiceKey.ideScale=125/-1920.0.1920.1032/0.0.1920.1032/1920.0.1920.1032" timestamp="1740003920039" />
    <state width="953" height="936" key="ShowUsagesActions.dimensionServiceKey.ideScale=125/0.0.1536.912" timestamp="1740066327876" />
    <state width="939" height="1059" key="ShowUsagesActions.dimensionServiceKey.ideScale=125/0.0.3440.1392" timestamp="1740168808258" />
    <state width="672" height="896" key="manage.recent.projects.popup.ideScale=125" timestamp="1740084379993">
      <screen x="0" y="0" width="3440" height="1392" />
    </state>
    <state width="375" height="664" key="manage.recent.projects.popup.ideScale=125/-1920.0.1920.1032/0.0.1920.1032/1920.0.1920.1032" timestamp="1740002255835" />
    <state width="282" height="1617" key="manage.recent.projects.popup.ideScale=125/0.0.1440.2512" timestamp="1738879875071" />
    <state width="301" height="588" key="manage.recent.projects.popup.ideScale=125/0.0.1536.912" timestamp="1739557661084" />
    <state width="672" height="896" key="manage.recent.projects.popup.ideScale=125/0.0.3440.1392" timestamp="1740084379993" />
  </component>
</application>